school,sor,performance,fbs_games,fcs_games,best_win,best_win_value,worst_loss,worst_loss_value,playoff_bonus,resume_z,solver_rating,benchmark_rating,preseason_z,preseason_share,h2h_adjustment,wins,losses,poll_score,poll_rating,rank,conference,abbreviation,season,week,as_of,check_flags
Georgia,4.712792255601235,12.962736884342936,14,1,Ohio State,0.7554543876380009,,,0.75,3.1942408645178686,2219.4123071642603,1907.794427774903,0.0,0.0,0.0,15,0,3.1942408645178686,2011.078538322859,1,SEC,UGA,2022,17,2026-09-23T04:17:05Z,
TCU,3.0084931864334163,1.1268067431115074,14,1,Michigan,0.7172317784280837,Kansas State,-0.4676159918342863,0.5,2.4038281711536533,1932.1150619532448,1907.794427774903,0.0,0.0,0.0,13,2,2.4038281711536533,1884.6125073845847,2,Big 12,TCU,2022,17,2026-09-23T04:17:05Z,
Michigan,2.2461180968594854,6.6426156531615925,14,0,Ohio State,0.7893055802912222,TCU,-0.46248327284170465,0.25,2.2183055709090667,2058.3566473539395,1907.794427774903,0.0,0.0,0.0,13,1,2.2183055709090667,1854.9288913454507,3,Big Ten,MICH,2022,17,2026-09-23T04:17:05Z,
Ohio State,1.6124363686574306,8.498570556947097,13,0,Penn State,0.6833804664266524,Michigan,-0.32345382279067814,0.25,2.0714839204183746,2090.247127295522,1907.794427774903,0.0,0.0,0.0,11,2,2.0714839204183746,1831.43742726694,4,Big Ten,OSU,2022,17,2026-09-23T04:17:05Z,
Tennessee,1.8749252062695092,7.395225061374076,12,1,Alabama,0.7076309740825648,South Carolina,-0.6972471023393008,0.0,2.0538675622207876,2078.382437747579,1907.794427774903,0.0,0.0,0.006464789356176226,11,2,2.060332351576964,1829.653176252314,5,SEC,TENN,2022,17,2026-09-23T04:17:05Z,
Alabama,1.8838154500847974,7.598297983618431,12,1,Texas,0.599210790930387,LSU,-0.4142129052484096,0.0,2.060332351576964,2081.967493447024,1907.794427774903,0.0,0.0,-0.006464789356176226,11,2,2.0538675622207876,1828.618809955326,6,SEC,ALA,2022,17,2026-09-23T04:17:05Z,
Penn State,1.2324653450514234,3.122245670893802,13,0,Utah,0.5069487424041195,Ohio State,-0.2818931225471223,0.0,1.786681134786748,2001.0532975389349,1907.794427774903,0.0,0.0,0.0,11,2,1.786681134786748,1785.8689815658797,7,Big Ten,PSU,2022,17,2026-09-23T04:17:05Z,
LSU,0.6322899824338895,0.5759279496508223,13,1,Alabama,0.7076309740825648,Texas A&M,-0.7726252749240305,0.0,1.5648702206686533,1932.6649929835785,1907.794427774903,0.0,0.0,-0.06073190551746577,10,4,1.5041383151511876,1740.66213042419,8,SEC,LSU,2022,17,2026-09-23T04:17:05Z,
Tulane,0.33433217477301946,-4.482408048211285,13,1,Kansas State,0.5799443065176475,Southern Miss,-0.9496428978925993,0.0,1.3818033025731742,1818.588044394273,1907.794427774903,0.0,0.0,0.11890446297443957,12,2,1.5007077655476138,1740.1132424876182,9,American Athletic,TULN,2022,17,2026-09-23T04:17:05Z,
Kansas State,0.5355844399725144,0.9387660466628868,13,1,TCU,0.5375167271582953,Tulane,-0.6779351155176848,0.0,1.5439943766242952,1928.7776367965557,1907.794427774903,0.0,0.0,-0.15432076138842388,10,4,1.3896736152358713,1722.3477784377394,10,Big 12,KSU,2022,17,2026-09-23T04:17:05Z,
Clemson,0.19570403088070565,-2.5041880117670945,13,1,Florida State,0.5439329683095979,South Carolina,-0.7720419410901329,0.0,1.3799112438696197,1856.5851368746887,1907.794427774903,0.0,0.0,0.0,11,3,1.3799112438696197,1720.7857990191392,11,ACC,CLEM,2022,17,2026-09-23T04:17:05Z,
Washington,0.29167023366034694,-4.622608141521597,12,1,Texas,0.5521473471133856,Arizona State,-0.9205389600252318,0.0,1.3668208393337284,1832.3650666449591,1907.794427774903,0.0,0.0,0.0,11,2,1.3668208393337284,1718.6913342933965,12,Pac-12,WASH,2022,17,2026-09-23T04:17:05Z,
Florida State,-0.2504394789793575,-0.6881720674788657,12,1,LSU,0.5383617481504167,NC State,-0.7750400269611103,0.0,1.2863340317035847,1905.1025800486343,1907.794427774903,0.0,0.0,0.06073190551746577,10,3,1.3470659372210505,1715.530549955368,13,ACC,FSU,2022,17,2026-09-23T04:17:05Z,
Utah,-0.8484251952816122,0.08797911735533377,13,1,Oregon State,0.3704235793789209,UCLA,-0.7216438486541628,0.0,1.1290324720209521,1912.290850156402,1907.794427774903,0.0,0.0,0.1755612149849164,10,4,1.3045936870058685,1708.734989920939,14,Pac-12,UTAH,2022,17,2026-09-23T04:17:05Z,
Mississippi State,-0.07798498268910303,-2.718463305725586,12,1,Illinois,0.3306608952762926,Kentucky,-0.7635264592796888,0.0,1.2969671804600564,1845.0406522652872,1907.794427774903,0.0,0.0,0.0,9,4,1.2969671804600564,1707.514748873609,15,SEC,MSST,2022,17,2026-09-23T04:17:05Z,
Oregon State,-0.39929304239309305,-3.9652043661718404,12,1,Oregon,0.3388298346721609,USC,-0.6748201704774781,0.0,1.1804580223464454,1853.1884038293222,1907.794427774903,0.0,0.0,0.052994647324834165,10,3,1.2334526696712795,1697.3524271474048,16,Pac-12,ORST,2022,17,2026-09-23T04:17:05Z,
Oregon,0.04970224792809619,-3.423223494576029,12,1,Utah,0.4588357857320663,Washington,-0.659064789030587,0.0,1.3201920767202975,1830.847130013396,1907.794427774903,0.0,0.0,-0.1044201976503274,10,3,1.21577187906997,1694.5235006511953,17,Pac-12,ORE,2022,17,2026-09-23T04:17:05Z,
USC,0.07362672257239078,-3.1577431040023862,14,0,Oregon State,0.4638766010393105,Tulane,-0.6344769005606561,0.0,1.3321866930275992,1820.8900060178244,1907.794427774903,0.0,0.0,-0.12413566465942316,11,3,1.208051028368176,1693.2881645389082,18,Pac-12,USC,2022,17,2026-09-23T04:17:05Z,
Texas,-1.008126538830311,2.2505105694496894,13,0,Kansas State,0.5799443065176475,Oklahoma State,-0.780543666683639,0.0,1.1246148077961977,1941.6591315045207,1907.794427774903,0.0,0.0,0.0067240010956108875,8,5,1.1313388088918086,1681.0142094226894,19,Big 12,TEX,2022,17,2026-09-23T04:17:05Z,
Notre Dame,-1.2614603985536275,-5.905461065719497,13,0,Clemson,0.3753338208020556,Stanford,-0.9533362062725456,0.0,0.8948438848081719,1798.8660377916678,1907.794427774903,0.0,0.0,0.0,9,4,0.8948438848081719,1643.1750215693075,20,FBS Independents,ND,2022,17,2026-09-23T04:17:05Z,
Troy,-0.6099291908103432,-12.335282117893547,13,1,UTSA,0.17434405163972444,App State,-0.867582495236185,0.0,0.9588678738900012,1659.5840110867532,1907.794427774903,0.0,0.0,-0.08975789632374731,12,2,0.8691099775662539,1639.0575964106006,21,Sun Belt,TROY,2022,17,2026-09-23T04:17:05Z,
Texas Tech,-1.4437881015530287,-6.403580718464289,12,1,Texas,0.5041307849261926,Baylor,-0.785023816367164,0.0,0.8327552451665371,1795.2761574528624,1907.794427774903,0.0,0.0,-0.03493747746890141,8,5,0.7978177676976357,1627.6508428316217,22,Big 12,TTU,2022,17,2026-09-23T04:17:05Z,
Ole Miss,-1.7946985181293464,-6.0554597876045575,12,1,Texas A&M,0.22737472507596945,Arkansas,-0.7210782832418756,0.0,0.7383836665374957,1751.6078195119435,1907.794427774903,0.0,0.0,0.0022122320253665784,8,5,0.7405958985628622,1618.4953437700578,23,SEC,MISS,2022,17,2026-09-23T04:17:05Z,
UTSA,-1.4881439812433956,-11.493465186520575,13,1,Western Kentucky,0.11869317506191812,Houston,-0.8583468794269926,0.0,0.7221208928293363,1656.2327267294131,1907.794427774903,0.0,0.0,0.0,11,3,0.7221208928293363,1615.5393428526938,24,Conference USA,UTSA,2022,17,2026-09-23T04:17:05Z,
South Carolina,-1.3369628258960318,-8.231845139184657,12,1,Tennessee,0.7030247358052368,Missouri,-0.8404116556664877,0.0,0.8283709446346138,1741.6581216186887,1907.794427774903,0.0,0.0,-0.11970511462622857,8,5,0.7086658300083852,1613.3865328013417,25,SEC,SC,2022,17,2026-09-23T04:17:05Z,
Illinois,-2.5087136249953215,-5.252953934366484,12,1,Minnesota,0.2795213531693531,Indiana,-0.9207915345618154,0.0,0.5481715346961769,1793.7212163072077,1907.794427774903,0.0,0.0,0.15063464558303186,8,5,0.6988061802792087,1611.8089888446734,26,Big Ten,ILL,2022,17,2026-09-23T04:17:05Z,
Arkansas,-2.702260853405174,-9.405112810708038,12,1,Ole Miss,0.2389638711812293,Liberty,-0.9506526870052677,0.0,0.4125980082901302,1722.959618212344,1907.794427774903,0.0,0.0,0.2781805474662548,7,6,0.690778555756385,1610.5245689210217,27,SEC,ARK,2022,17,2026-09-23T04:17:05Z,
Iowa,-1.8747218934669105,-9.25757542295776,12,1,Minnesota,0.3632738287562032,Nebraska,-0.9207271367035772,0.0,0.6537716006382801,1739.8413867623149,1907.794427774903,0.0,0.0,0.0,8,5,0.6537716006382801,1604.6034561021247,28,Big Ten,IOWA,2022,17,2026-09-23T04:17:05Z,
Kentucky,-2.2689352615545797,-9.922727222097901,12,1,Mississippi State,0.3587556059983118,Vanderbilt,-0.9339861529815084,0.0,0.5274470033988592,1687.0010454111098,1907.794427774903,0.0,0.0,0.11387197435585805,7,6,0.6413189777547172,1602.6110364407548,29,SEC,UK,2022,17,2026-09-23T04:17:05Z,
UCLA,-1.7943021734504199,-7.936615281726471,12,1,Utah,0.4588357857320663,Arizona,-0.9343249842983594,0.0,0.7023301923181557,1722.5044610384127,1907.794427774903,0.0,0.0,-0.09669140981048696,9,4,0.6056387825076688,1596.902205201227,30,Pac-12,UCLA,2022,17,2026-09-23T04:17:05Z,
Pittsburgh,-1.6844977624199082,-9.718112929681407,12,1,UCLA,0.24131977275366912,Georgia Tech,-0.9468249924526054,0.0,0.6997030546871432,1713.3630839263558,1907.794427774903,0.0,0.0,-0.1041085639611179,9,4,0.5955944907260253,1595.2951185161642,31,ACC,PITT,2022,17,2026-09-23T04:17:05Z,
Louisville,-2.28910326731485,-5.59512866855243,13,0,UCF,0.24204819264475796,Boston College,-0.9509996806701576,0.0,0.6048421030770542,1811.789705812837,1907.794427774903,0.0,0.0,-0.019011022745769046,8,5,0.5858310803312852,1593.7329728530055,32,ACC,LOU,2022,17,2026-09-23T04:17:05Z,
Maryland,-1.8099166578711854,-8.83096932052277,13,0,NC State,0.1931268352409895,Purdue,-0.8723299087951648,0.0,0.6806380096888179,1717.3589074603046,1907.794427774903,0.0,0.0,-0.09733673261308018,8,5,0.5833012770757378,1593.328204332118,33,Big Ten,MD,2022,17,2026-09-23T04:17:05Z,
Florida,-2.527194382448415,-7.8499054882189885,12,1,Utah,0.4588357857320663,Vanderbilt,-0.905846444853461,0.0,0.4929192270636802,1735.1751575076214,1907.794427774903,0.0,0.0,0.061417799018431696,6,7,0.5543370260821119,1588.693924173138,34,SEC,FLA,2022,17,2026-09-23T04:17:05Z,
NC State,-2.2285281114591178,-10.17330163309548,12,1,Florida State,0.447823619143094,Boston College,-0.9661487280722612,0.0,0.5342669306337227,1676.5058949845286,1907.794427774903,0.0,0.0,0.018198813166444117,8,5,0.5524657438001668,1588.3945190080267,35,ACC,NCSU,2022,17,2026-09-23T04:17:05Z,
James Madison,-2.052803840518921,-9.148182439421877,10,1,App State,0.13241750476381497,Georgia Southern,-0.9280070640549293,0.0,0.6045859770413861,1692.4178184971065,1907.794427774903,0.0,0.0,-0.05524837781151892,8,3,0.5493375992298671,1587.8940158767787,36,Sun Belt,JMU,2022,17,2026-09-23T04:17:05Z,
Minnesota,-1.7477178535449345,-5.159334215051613,12,1,Wisconsin,0.25600737032431475,Purdue,-0.8723299087951648,0.0,0.769143588010214,1785.8252750536249,1907.794427774903,0.0,0.0,-0.22097205331403713,9,4,0.5481715346961769,1587.7074455513882,37,Big Ten,MINN,2022,17,2026-09-23T04:17:05Z,
North Carolina,-2.4913766719059547,-11.853460645050351,13,1,Wake Forest,0.30737503718754133,Georgia Tech,-0.9468249924526054,0.0,0.4262615010267712,1656.1368973249887,1907.794427774903,0.0,0.0,0.10184368199969052,9,5,0.5281051830264617,1584.4968292842339,38,ACC,UNC,2022,17,2026-09-23T04:17:05Z,
South Alabama,-2.016412995915271,-13.76068152580007,12,1,Louisiana,0.10965719798819662,Western Kentucky,-0.859607869724271,0.0,0.5263855904736522,1576.9182932332544,1907.794427774903,0.0,0.0,0.0,10,3,0.5263855904736522,1584.2216944757843,39,Sun Belt,USA,2022,17,2026-09-23T04:17:05Z,
Purdue,-2.203954048749772,-12.07013014471278,13,1,Illinois,0.37463803638591897,Syracuse,-0.7881928538242593,0.0,0.5048754741392365,1628.1278602611894,1907.794427774903,0.0,0.0,-0.003249543465011051,8,6,0.5016259306742255,1580.260148907876,40,Big Ten,PUR,2022,17,2026-09-23T04:17:05Z,
Duke,-2.5264145600247496,-9.243875634110436,12,1,Wake Forest,0.23181795581101372,Georgia Tech,-0.9237110690346592,0.0,0.4663429595466193,1723.8326161039745,1907.794427774903,0.0,0.0,0.014053044637955148,9,4,0.48039600418457445,1576.8633606695319,41,ACC,DUKE,2022,17,2026-09-23T04:17:05Z,
Fresno State,-2.523203754377421,-12.045595027929007,13,1,Washington State,0.1603132087580631,UConn,-0.9597611880313394,0.0,0.4134010494602209,1671.5197868273933,1907.794427774903,0.0,0.0,0.05324187955879445,10,4,0.46664292901901533,1574.6628686430424,42,Mountain West,FRES,2022,17,2026-09-23T04:17:05Z,
Syracuse,-3.149998673835711,-10.280274900774998,12,1,Louisville,0.31295815782592795,Pittsburgh,-0.7328522155325965,0.0,0.2668202782712028,1664.038282226638,1907.794427774903,0.0,0.0,0.18082849443538146,7,6,0.44764877270658426,1571.6238036330535,43,ACC,SYR,2022,17,2026-09-23T04:17:05Z,
UCF,-2.6408299473349492,-8.823569694893097,13,1,Tulane,0.4112877933121343,Navy,-0.9178814509951606,0.0,0.44147144944928834,1691.9555321900023,1907.794427774903,0.0,0.0,-0.025916143839389838,9,5,0.4155553056098985,1566.4888488975837,44,American Athletic,UCF,2022,17,2026-09-23T04:17:05Z,
Air Force,-2.251311924676921,-12.409151873883992,12,1,Baylor,0.2492980265660869,Utah State,-0.9744132698613531,0.0,0.4847179482409382,1636.2648091962014,1907.794427774903,0.0,0.0,-0.07131689878071734,10,3,0.4134010494602209,1566.1441679136353,45,Mountain West,AF,2022,17,2026-09-23T04:17:05Z,
Cincinnati,-2.1616359241712884,-10.46610263409548,12,1,SMU,0.18487024780180195,UCF,-0.757951807355242,0.0,0.5479028731699758,1674.1508345150953,1907.794427774903,0.0,0.0,-0.16325924655002644,9,4,0.38464362661994933,1561.5429802591918,46,American Athletic,CIN,2022,17,2026-09-23T04:17:05Z,
Wake Forest,-2.421508435271879,-7.602969254221143,12,1,Florida State,0.5439329683095979,North Carolina,-0.8517719762738856,0.0,0.5281051830264617,1745.1849676784148,1907.794427774903,0.0,0.0,-0.16168361496224637,8,5,0.36642156806421533,1558.6274508902745,47,ACC,WAKE,2022,17,2026-09-23T04:17:05Z,
Boise State,-2.686155299973521,-13.57101071660216,13,1,Air Force,0.18455875998500382,UTEP,-0.9598575008671332,0.0,0.3371417960833553,1600.029640326594,1907.794427774903,0.0,0.0,0.0,10,4,0.3371417960833553,1553.9426873733369,48,Mountain West,BOIS,2022,17,2026-09-23T04:17:05Z,
Auburn,-2.7808959137933877,-12.170438576030172,11,1,Texas A&M,0.16674847119038883,Arkansas,-0.7917441375547921,0.0,0.33678363159417146,1669.4253981552695,1907.794427774903,0.0,0.0,0.0,5,7,0.33678363159417146,1553.8853810550675,49,SEC,AUB,2022,17,2026-09-23T04:17:05Z,
West Virginia,-3.6144535046092017,-13.32619689460958,11,1,Oklahoma,0.26006969946268355,Kansas,-0.8208354668428246,0.0,0.07449229255057672,1637.1442479114412,1907.794427774903,0.0,0.0,0.22923240077866042,5,7,0.3037246933292371,1548.5959509326779,50,Big 12,WVU,2022,17,2026-09-23T04:17:05Z,
Marshall,-2.716915451197211,-14.257567055977322,11,2,Notre Dame,0.38211868082512646,Bowling Green,-0.9745527806741808,0.0,0.3150827326644238,1592.176709862138,1907.794427774903,0.0,0.0,-0.02724265477968163,9,4,0.2878400778847422,1546.0544124615587,51,Sun Belt,MRSH,2022,17,2026-09-23T04:17:05Z,
Wisconsin,-3.314712989824802,-9.689051250740498,12,1,Maryland,0.20260461307253208,Washington State,-0.8639775275457341,0.0,0.23074843755159224,1704.0322701672058,1907.794427774903,0.0,0.0,0.047093792540167434,7,6,0.2778422300917597,1544.4547568146816,52,Big Ten,WIS,2022,17,2026-09-23T04:17:05Z,
Baylor,-3.6417926097426587,-7.923990031469517,12,1,Texas Tech,0.37689281895005045,BYU,-0.8749943648834454,0.0,0.17048278694482671,1729.475991624364,1907.794427774903,0.0,0.0,0.1053883359129803,6,7,0.275871122857807,1544.139379657249,53,Big 12,BAY,2022,17,2026-09-23T04:17:05Z,
Kansas,-3.254329349811525,-9.480688003801266,12,1,Duke,0.2091471249397323,Arkansas,-0.7581646947248438,0.0,0.25214539772982564,1692.7836068189517,1907.794427774903,0.0,0.0,-0.006622459946714704,6,7,0.24552293778311093,1539.2836700452976,54,Big 12,KU,2022,17,2026-09-23T04:17:05Z,
Missouri,-3.210267394685042,-11.225218667107907,12,1,South Carolina,0.30275289766069924,Kentucky,-0.8260325196475217,0.0,0.23129471152284628,1670.2542171835169,1907.794427774903,0.0,0.0,0.0,6,7,0.23129471152284628,1537.0071538436555,55,SEC,MIZ,2022,17,2026-09-23T04:17:05Z,
Washington State,-3.2417337997340523,-12.107805538090345,12,1,Wisconsin,0.25600737032431475,Fresno State,-0.8116310491618328,0.0,0.20526330397460008,1639.9350167320388,1907.794427774903,0.0,0.0,0.02548513357699217,7,6,0.23074843755159224,1536.9197500082548,56,Pac-12,WSU,2022,17,2026-09-23T04:17:05Z,
Oklahoma,-3.344702368136073,-6.769470994806268,13,0,Iowa State,0.23302958750072833,West Virginia,-0.8146216355017586,0.0,0.27824395784543343,1769.848297924423,1907.794427774903,0.0,0.0,-0.05377664334468743,6,7,0.224467314500746,1535.9147703201193,57,Big 12,OU,2022,17,2026-09-23T04:17:05Z,
Oklahoma State,-2.5594468336810667,-10.304396398759742,12,1,Texas,0.5041307849261926,West Virginia,-0.8659923403654847,0.0,0.43643956385868155,1671.3545904244233,1907.794427774903,0.0,0.0,-0.21787465732559824,7,6,0.2185649065330833,1534.9703850452934,58,Big 12,OKST,2022,17,2026-09-23T04:17:05Z,
East Carolina,-3.3413723690899833,-13.222925269188051,12,1,UCF,0.1784129257487208,Navy,-0.9178814509951606,0.0,0.1551270951079663,1623.8037059494004,1907.794427774903,0.0,0.0,0.06267711314157795,8,5,0.21780420824954425,1534.848673319927,59,American Athletic,ECU,2022,17,2026-09-23T04:17:05Z,
Houston,-2.9820170364951446,-12.829619713830779,13,0,Memphis,0.2359335674298989,Tulsa,-0.9442992122687437,0.0,0.2661857425114272,1647.5538792254572,1907.794427774903,0.0,0.0,-0.0542308245741219,8,5,0.21195491793730528,1533.9127868699688,60,American Athletic,HOU,2022,17,2026-09-23T04:17:05Z,
Michigan State,-3.166958739575171,-13.325594409503744,12,0,Illinois,0.37463803638591897,Indiana,-0.9447370944024717,0.0,0.20338549214718343,1622.0172110028666,1907.794427774903,0.0,0.0,0.0018778118274166422,5,7,0.20526330397460008,1532.842128635936,61,Big Ten,MSU,2022,17,2026-09-23T04:17:05Z,
Ohio,-2.6592479520963375,-19.160177249809607,13,1,Florida Atlantic,0.044423481102302875,Kent State,-0.9307752496715789,0.0,0.2374324134212393,1499.9983726311057,1907.794427774903,0.0,0.0,-0.0627115296774928,10,4,0.1747208837437465,1527.9553413989995,62,Mid-American,OHIO,2022,17,2026-09-23T04:17:05Z,
BYU,-3.1458366455179494,-16.216804349753787,12,1,Baylor,0.214976183632836,Liberty,-0.9290779444443455,0.0,0.1538815877536579,1561.8391849140269,1907.794427774903,0.0,0.0,0.017923113844909522,8,5,0.17180470159856742,1527.4887522557708,63,FBS Independents,BYU,2022,17,2026-09-23T04:17:05Z,
Coastal Carolina,-2.790525239990642,-22.505101952734666,12,1,Marshall,0.14700176488901262,Old Dominion,-0.9707975747023236,0.0,0.13531317565834372,1417.0915961458425,1907.794427774903,0.0,0.0,0.010279120781901324,9,4,0.14559229644024504,1523.2947674304392,64,Sun Belt,CCU,2022,17,2026-09-23T04:17:05Z,
SMU,-3.712103082731725,-12.344048145482766,12,1,Memphis,0.17353779586581097,BYU,-0.8946067627037575,0.0,0.06525160030898682,1636.5993918107404,1907.794427774903,0.0,0.0,0.07369140559772007,7,6,0.13894300590670688,1522.230880945073,65,American Athletic,SMU,2022,17,2026-09-23T04:17:05Z,
Vanderbilt,-3.2074346142779104,-18.64098139479242,11,1,Kentucky,0.23647354072031124,Missouri,-0.781706674738914,0.0,0.08953303355386988,1510.3856781651975,1907.794427774903,0.0,0.0,0.0,5,7,0.08953303355386988,1514.3252853686192,66,SEC,VAN,2022,17,2026-09-23T04:17:05Z,
Texas A&M,-3.897059046485272,-11.30668969024459,11,1,LSU,0.49023174283635196,App State,-0.9059710855875918,0.0,0.031927536894136355,1678.737779866758,1907.794427774903,0.0,0.0,-0.024283298640284307,5,7,0.007644238253852048,1501.2230781206163,67,SEC,TA&M,2022,17,2026-09-23T04:17:05Z,
Toledo,-3.722425115928506,-17.491669504062347,13,1,Ohio,0.07440015548583412,Bowling Green,-0.9825536844856245,0.0,-0.03669083235110867,1494.6326096702167,1907.794427774903,0.0,0.0,0.029958954223259643,9,5,-0.006731878127849027,1498.9228994995442,68,Mid-American,TOL,2022,17,2026-09-23T04:17:05Z,
Memphis,-4.147511719672308,-10.732392820063577,12,1,Navy,0.11626861200820626,Houston,-0.8583468794269926,0.0,-0.02916298821852046,1686.5168938899594,1907.794427774903,0.0,0.0,0.0,7,6,-0.02916298821852046,1495.3339218850367,69,American Athletic,MEM,2022,17,2026-09-23T04:17:05Z,
Western Kentucky,-3.928680644407164,-13.468583464395179,13,1,South Alabama,0.1145112027963443,North Texas,-0.9405023879108604,0.0,-0.018744881371198053,1614.6781290513584,1907.794427774903,0.0,0.0,-0.032499810394760714,9,5,-0.051244691765958764,1491.8008493174466,70,Conference USA,WKU,2022,17,2026-09-23T04:17:05Z,
Liberty,-3.920151064130631,-19.3979313944126,12,1,Arkansas,0.2789217167581244,New Mexico State,-0.9666291983475981,0.0,-0.1302876125350879,1460.4552741361672,1907.794427774903,0.0,0.0,0.049614800260042724,8,5,-0.08067281227504516,1487.0923500359927,71,FBS Independents,LIB,2022,17,2026-09-23T04:17:05Z,
Iowa State,-4.602024967022135,-10.022539997591302,11,1,Iowa,0.3003873698174572,Baylor,-0.785023816367164,0.0,-0.14641814628797736,1683.8998768931563,1907.794427774903,0.0,0.0,0.06196221319726991,4,8,-0.08445593309070745,1486.4870507054868,72,Big 12,ISU,2022,17,2026-09-23T04:17:05Z,
Eastern Michigan,-3.4562897078715435,-24.18670326092097,12,1,Arizona State,0.07946103997476817,Northern Illinois,-0.9836366208446131,0.0,-0.08876257782028076,1415.442025299741,1907.794427774903,0.0,0.0,0.0,9,4,-0.08876257782028076,1485.7979875487551,73,Mid-American,EMU,2022,17,2026-09-23T04:17:05Z,
Georgia Tech,-3.820637293808388,-21.435663007074748,11,1,Pittsburgh,0.2671477844674035,Virginia,-0.9562327031931039,0.0,-0.14080495274687127,1473.192260727755,1907.794427774903,0.0,0.0,-0.05778522643756234,5,7,-0.1985901791844336,1468.2255713304905,74,ACC,GT,2022,17,2026-09-23T04:17:05Z,
UAB,-4.7242784754139135,-16.52245966042957,12,1,North Texas,0.05949761208913962,Rice,-0.9737433465175968,0.0,-0.3065972924162396,1531.7605976451505,1907.794427774903,0.0,0.0,0.05710666484238844,7,6,-0.24949062757385118,1460.0814995881838,75,Conference USA,UAB,2022,17,2026-09-23T04:17:05Z,
Middle Tennessee,-4.11086936578678,-22.74100188471167,12,1,Miami,0.07790382299731957,Louisiana Tech,-0.9781994325349481,0.0,-0.24949062757385118,1411.6521437732467,1907.794427774903,0.0,0.0,-0.021597718229489665,8,5,-0.27108834580334085,1456.6258646714655,76,Conference USA,MTSU,2022,17,2026-09-23T04:17:05Z,
Arizona,-4.345254002049989,-19.535050851360115,11,1,UCLA,0.27835615134583724,California,-0.9047555485355413,0.0,-0.2553565232879623,1509.4945932005853,1907.794427774903,0.0,0.0,-0.038736874840805735,5,7,-0.29409339812876806,1452.945056299397,77,Pac-12,ARIZ,2022,17,2026-09-23T04:17:05Z,
San Diego State,-4.670111317221146,-21.53322324345074,12,1,Toledo,0.060257314886106084,Middle Tennessee,-0.9555166798183967,0.0,-0.3873351217334257,1447.0181693470527,1907.794427774903,0.0,0.0,0.0807378293171861,7,6,-0.3065972924162396,1450.9444332134017,78,Mountain West,SDSU,2022,17,2026-09-23T04:17:05Z,
App State,-4.888950883979277,-14.72709270239352,10,2,Texas A&M,0.22737472507596945,Texas State,-0.9661182242664544,0.0,-0.31950586582529505,1572.5328385768532,1907.794427774903,0.0,0.0,0.00714919630635924,6,6,-0.3123566695189358,1450.0229328769703,79,Sun Belt,APP,2022,17,2026-09-23T04:17:05Z,
Rutgers,-4.6707482802094535,-22.353922821299523,11,1,Indiana,0.05526290559752833,Nebraska,-0.9207271367035772,0.0,-0.40329757227250856,1409.5823408189665,1907.794427774903,0.0,0.0,0.08017908942175156,4,8,-0.323118482850757,1448.301042743879,80,Big Ten,RUTG,2022,17,2026-09-23T04:17:05Z,
Miami,-5.01101125947648,-19.814734580760867,11,1,Georgia Tech,0.07628893096534084,Middle Tennessee,-0.9630295473846668,0.0,-0.45247653870823656,1476.863737375837,1907.794427774903,0.0,0.0,0.0850272652740523,5,7,-0.36744927343418426,1441.2081162505306,81,ACC,MIA,2022,17,2026-09-23T04:17:05Z,
Army,-4.898695509782971,-17.290035534905755,10,2,Navy,0.09787365488144084,Coastal Carolina,-0.9448351365282455,0.0,-0.37158824532546936,1547.740602879016,1907.794427774903,0.0,0.0,0.0,6,6,-0.37158824532546936,1440.545880747925,82,FBS Independents,ARMY,2022,17,2026-09-23T04:17:05Z,
San José State,-4.30607506418905,-20.94019155524947,11,1,Wyoming,0.04302904714884115,Utah State,-0.9744132698613531,0.0,-0.27108834580334085,1407.3731717375713,1907.794427774903,0.0,0.0,-0.10615312164349311,7,5,-0.37724146744683396,1439.6413652085066,83,Mountain West,SJSU,2022,17,2026-09-23T04:17:05Z,
Indiana,-4.6375912344041,-20.273288978694513,11,1,Illinois,0.2894566118390641,Rutgers,-0.9472053595647926,0.0,-0.35374526058167666,1479.7793149700608,1907.794427774903,0.0,0.0,-0.0933879217293897,4,8,-0.44713318231106636,1428.4586908302294,84,Big Ten,IU,2022,17,2026-09-23T04:17:05Z,
Southern Miss,-4.850675008912725,-20.799632309253113,12,1,Tulane,0.4112877933121343,Liberty,-0.9506526870052677,0.0,-0.4252344998717466,1463.9038689614804,1907.794427774903,0.0,0.0,-0.027242038836489957,7,6,-0.45247653870823656,1427.603753806682,85,Sun Belt,USM,2022,17,2026-09-23T04:17:05Z,
Wyoming,-4.811193759981452,-24.52781386058048,12,1,Air Force,0.133377991145478,San José State,-0.9639599026659583,0.0,-0.48554269094269664,1374.8375414715963,1907.794427774903,0.0,0.0,0.0,7,6,-0.48554269094269664,1422.3131694491685,86,Mountain West,WYO,2022,17,2026-09-23T04:17:05Z,
Kent State,-4.980468150017183,-20.258485954138308,11,1,Ohio,0.06216329537697973,Ball State,-0.9719531903092917,0.0,-0.45221159860576604,1456.241698820138,1907.794427774903,0.0,0.0,-0.05134444119141751,5,7,-0.5035560397971836,1419.4310336324506,87,Mid-American,KENT,2022,17,2026-09-23T04:17:05Z,
California,-5.507908076170454,-18.89393680300091,11,1,Arizona,0.06567501570164058,Colorado,-0.9850733387486602,0.0,-0.5778827736063509,1512.444043016071,1907.794427774903,0.0,0.0,0.03873687484080579,4,8,-0.5391458987655451,1413.7366561975127,88,Pac-12,CAL,2022,17,2026-09-23T04:17:05Z,
New Mexico State,-4.981615967976436,-24.911371455988128,11,2,Liberty,0.07092205555565445,Florida International,-0.9947031422525499,0.0,-0.5419998626037,1394.4782444683472,1907.794427774903,0.0,0.0,-0.028177154017456574,7,6,-0.5701770166211566,1408.771677340615,89,FBS Independents,NMSU,2022,17,2026-09-23T04:17:05Z,
Buffalo,-5.243335878568785,-22.9331447722876,12,1,Toledo,0.060257314886106084,Holy Cross,-0.9959123485629631,0.0,-0.579343081551867,1409.69427940088,1907.794427774903,0.0,0.0,0.0,7,6,-0.579343081551867,1407.3051069517012,90,Mid-American,BUF,2022,17,2026-09-23T04:17:05Z,
Virginia,-5.309808631108962,-22.60329921052402,9,1,Georgia Tech,0.07628893096534084,Miami,-0.945670600769805,0.0,-0.5921459948158463,1440.0978661253807,1907.794427774903,0.0,0.0,0.0,3,7,-0.5921459948158463,1405.2566408294647,91,ACC,UVA,2022,17,2026-09-23T04:17:05Z,
Louisiana,-5.615764077844119,-17.748478349111867,12,1,Marshall,0.14700176488901262,Rice,-0.9737433465175968,0.0,-0.586923148792086,1537.8357112883414,1907.794427774903,0.0,0.0,-0.04496053705592751,6,7,-0.6318836858480135,1398.8986102643178,92,Sun Belt,UL,2022,17,2026-09-23T04:17:05Z,
Georgia Southern,-5.937991627419038,-20.567960815039626,12,1,James Madison,0.17883221818851225,Buffalo,-0.9560283051407414,0.0,-0.7339350947084783,1463.066063717543,1907.794427774903,0.0,0.0,0.09011483452524283,6,7,-0.6438202601832355,1396.9887583706823,93,Sun Belt,GASO,2022,17,2026-09-23T04:17:05Z,
UNLV,-5.991354673028087,-24.949897832882172,11,1,North Texas,0.05949761208913962,Hawai'i,-0.9863418332091093,0.0,-0.8335523770486383,1342.6801344154158,1907.794427774903,0.0,0.0,0.18920034322081225,5,7,-0.644352033827826,1396.9036745875478,94,Mountain West,UNLV,2022,17,2026-09-23T04:17:05Z,
Navy,-6.149476579229012,-18.62842901806036,11,1,UCF,0.24204819264475796,Delaware,-0.9959123485629631,0.0,-0.7575542536320662,1548.5114980761139,1907.794427774903,0.0,0.0,0.11167707313371811,4,8,-0.6458771804983481,1396.6596511202642,95,American Athletic,NAVY,2022,17,2026-09-23T04:17:05Z,
Nebraska,-5.544831511989557,-18.952587803013007,11,1,Iowa,0.3003873698174572,Northwestern,-0.9579058698180277,0.0,-0.5896446214756487,1542.3057868661674,1907.794427774903,0.0,0.0,-0.08214612068118643,4,8,-0.6717907421568351,1392.5134812549063,96,Big Ten,NEB,2022,17,2026-09-23T04:17:05Z,
Tulsa,-5.379959588269161,-20.967956412765552,11,1,Houston,0.19529370569409665,Wyoming,-0.9569709528511589,0.0,-0.5809083998995024,1481.1309862102223,1907.794427774903,0.0,0.0,-0.11167707313371811,5,7,-0.6925854730332205,1389.1863243146847,97,American Athletic,TLSA,2022,17,2026-09-23T04:17:05Z,
Utah State,-5.434210598957371,-28.925275149837315,12,1,Air Force,0.133377991145478,Weber State,-0.9959123485629631,0.0,-0.749522716222931,1287.8322982399022,1907.794427774903,0.0,0.0,0.030618052865096,6,7,-0.718904663357835,1384.9752538627463,98,Mountain West,USU,2022,17,2026-09-23T04:17:05Z,
Stanford,-5.8478364626258275,-21.28179140290026,11,1,Notre Dame,0.38211868082512646,BYU,-0.9114535151808637,0.0,-0.7216940854373151,1450.9544895572778,1907.794427774903,0.0,0.0,0.0,3,9,-0.7216940854373151,1384.5289463300296,99,Pac-12,STAN,2022,17,2026-09-23T04:17:05Z,
North Texas,-5.659116798437918,-19.530953458475896,13,1,Western Kentucky,0.16531388660337032,UNLV,-0.964452605860676,0.0,-0.6336794023857454,1492.4495063975749,1907.794427774903,0.0,0.0,-0.10006351266855351,7,7,-0.7337429150542989,1382.6011335913122,100,Conference USA,UNT,2022,17,2026-09-23T04:17:05Z,
UL Monroe,-5.850578239398245,-27.334807307164784,11,1,Georgia State,0.08616819274174603,Arkansas State,-0.9684171396960082,0.0,-0.8388607213419367,1330.5180120199664,1907.794427774903,0.0,0.0,0.0740312137250746,4,8,-0.7648295076168621,1377.627278781302,101,Sun Belt,ULM,2022,17,2026-09-23T04:17:05Z,
Miami (OH),-6.143512969051333,-25.663602415767212,12,1,Northwestern,0.050593494325063215,Western Michigan,-0.9792386286296209,0.0,-0.8910969133446973,1366.268021169432,1907.794427774903,0.0,0.0,0.10354068084340806,6,7,-0.7875562325012893,1373.9910027997937,102,Mid-American,M-OH,2022,17,2026-09-23T04:17:05Z,
Ball State,-5.751858776757841,-25.29367746511188,11,1,Kent State,0.06922475032842113,Western Michigan,-0.9792386286296209,0.0,-0.7711854909645874,1365.4747011523184,1907.794427774903,0.0,0.0,-0.03053346491033404,5,7,-0.8017189558749215,1371.7249670600127,103,Mid-American,BALL,2022,17,2026-09-23T04:17:05Z,
Bowling Green,-5.75430111755133,-29.638674605624455,12,1,Marshall,0.10489631402084398,Eastern Kentucky,-0.9959123485629631,0.0,-0.8554270384039925,1286.9247318664752,1907.794427774903,0.0,0.0,0.0,6,7,-0.8554270384039925,1363.1316738553612,104,Mid-American,BGSU,2022,17,2026-09-23T04:17:05Z,
Florida Atlantic,-6.145055733437825,-21.039711011118396,11,1,UAB,0.0746433408199858,UTEP,-0.9598575008671332,0.0,-0.8026410045057972,1442.6161152679094,1907.794427774903,0.0,0.0,-0.054827396045532995,5,7,-0.8574684005513302,1362.8050559117871,105,Conference USA,FAU,2022,17,2026-09-23T04:17:05Z,
UTEP,-6.094206457507244,-26.11867017963236,12,0,Boise State,0.10954271346976896,New Mexico,-0.9887384602712459,0.0,-0.8856455545687868,1363.1177223234445,1907.794427774903,0.0,0.0,0.02380603218256938,5,7,-0.8618395223862174,1362.1056764182051,106,Conference USA,UTEP,2022,17,2026-09-23T04:17:05Z,
UConn,-5.297416225220855,-25.50428345334988,12,1,Fresno State,0.16064045717602138,Utah State,-0.9744132698613531,0.0,-0.644352033827826,1363.5215975744452,1907.794427774903,0.0,0.0,-0.22406687366910738,6,7,-0.8684189074969334,1361.0529748004906,107,FBS Independents,CONN,2022,17,2026-09-23T04:17:05Z,
Western Michigan,-6.25573505729767,-28.43590141646394,11,1,Toledo,0.060257314886106084,Northern Illinois,-0.9836366208446131,0.0,-0.9767186578998955,1315.6122191917532,1907.794427774903,0.0,0.0,0.09723341653234596,5,7,-0.8794852413675496,1359.282361381192,108,Mid-American,WMU,2022,17,2026-09-23T04:17:05Z,
Arizona State,-6.582160191478749,-20.205435172399067,11,1,Washington,0.34093521096941304,Eastern Michigan,-0.9621862823545679,0.0,-0.9124901178518566,1480.338682966973,1907.794427774903,0.0,0.0,0.0,3,9,-0.9124901178518566,1354.0015811437029,109,Pac-12,ASU,2022,17,2026-09-23T04:17:05Z,
Georgia State,-6.689976800156475,-20.77400943188682,12,0,Army,0.11577983488554655,Charlotte,-0.9912882188463158,0.0,-0.9544736222786522,1494.629763481555,1907.794427774903,0.0,0.0,0.025803354523120436,4,8,-0.9286702677555317,1351.412757159115,110,Sun Belt,GAST,2022,17,2026-09-23T04:17:05Z,
Virginia Tech,-6.631381188591041,-23.717598261283243,10,1,Liberty,0.07092205555565445,Old Dominion,-0.9576377488967428,0.0,-0.9941919432919682,1425.391531431324,1907.794427774903,0.0,0.0,0.0590576371081446,3,8,-0.9351343061838236,1350.3785110105882,111,ACC,VT,2022,17,2026-09-23T04:17:05Z,
Boston College,-6.350927400534295,-24.847042456808282,11,1,Louisville,0.31295815782592795,Rutgers,-0.9634824231635565,0.0,-0.9351343061838236,1396.871079381669,1907.794427774903,0.0,0.0,-0.0590576371081446,3,9,-0.9941919432919682,1340.929289073285,112,ACC,BC,2022,17,2026-09-23T04:17:05Z,
Rice,-6.6526541071336345,-28.082731390367663,12,1,Louisiana,0.07727920842053182,Charlotte,-0.9912882188463158,0.0,-1.0842439687449568,1292.1243443558988,1907.794427774903,0.0,0.0,0.05919851788042019,5,8,-1.0250454508645366,1335.9927278616742,113,Conference USA,RICE,2022,17,2026-09-23T04:17:05Z,
Central Michigan,-6.705136766901927,-25.857735481365484,11,1,Buffalo,0.036541932048213654,Bowling Green,-0.9825536844856245,0.0,-1.056580944400368,1335.6951706775253,1907.794427774903,0.0,0.0,0.0,4,8,-1.056580944400368,1330.9470488959412,114,Mid-American,CMU,2022,17,2026-09-23T04:17:05Z,
Texas State,-6.8285502943275365,-26.66609371504694,11,1,App State,0.09402891441240824,Nevada,-0.9868318809767828,0.0,-1.1076666243824997,1334.6381880337717,1907.794427774903,0.0,0.0,0.0,4,8,-1.1076666243824997,1322.7733400988,115,Sun Belt,TXST,2022,17,2026-09-23T04:17:05Z,
Temple,-7.513731734359408,-25.298713885584505,11,1,South Florida,0.02657523224724201,Rutgers,-0.9634824231635565,0.0,-1.2787140330712023,1393.6091052548538,1907.794427774903,0.0,0.0,0.0,3,9,-1.2787140330712023,1295.4057547086077,116,American Athletic,TEM,2022,17,2026-09-23T04:17:05Z,
Northwestern,-7.670700831814994,-24.13453584579766,11,1,Nebraska,0.09453823398431449,Southern Illinois,-0.9959123485629631,0.0,-1.3015394146542207,1402.3180222322412,1907.794427774903,0.0,0.0,0.0,1,11,-1.3015394146542207,1291.7536936553247,117,Big Ten,NU,2022,17,2026-09-23T04:17:05Z,
Old Dominion,-7.909378113378386,-26.357633645020552,12,0,Coastal Carolina,0.05516486347175453,Liberty,-0.9506526870052677,0.0,-1.4130220409402396,1372.1985332186932,1907.794427774903,0.0,0.0,0.10025812343542428,3,9,-1.3127639175048154,1289.9577731992295,118,Sun Belt,ODU,2022,17,2026-09-23T04:17:05Z,
Arkansas State,-7.25731110113304,-25.749928918500512,11,1,UL Monroe,0.022719857086633932,Texas State,-0.9661182242664544,0.0,-1.2135382878110883,1322.8879877063252,1907.794427774903,0.0,0.0,-0.10025812343542428,3,9,-1.3137964112465126,1289.792574200558,119,Sun Belt,ARST,2022,17,2026-09-23T04:17:05Z,
Colorado,-7.430727533697448,-33.2665184908642,12,0,California,0.06680275071303665,Arizona State,-0.9445562781991829,0.0,-1.4079994946707748,1198.8953955088177,1907.794427774903,0.0,0.0,0.0,1,11,-1.4079994946707748,1274.7200808526761,120,Pac-12,COLO,2022,17,2026-09-23T04:17:05Z,
Florida International,-7.338041843348058,-38.6795729219296,11,1,New Mexico State,0.048315582808031166,UConn,-0.9722804617904236,0.0,-1.4853782747634665,1092.1156988259647,1907.794427774903,0.0,0.0,0.06772849725141827,4,8,-1.4176497775120482,1273.1760355980723,121,Conference USA,FIU,2022,17,2026-09-23T04:17:05Z,
Colorado State,-7.549026399318036,-34.21275208237088,11,1,Nevada,0.01316811902321724,Sacramento State,-0.9959123485629631,0.0,-1.4602629467316084,1187.4285578722968,1907.794427774903,0.0,0.0,0.0,3,9,-1.4602629467316084,1266.3579285229425,122,Mountain West,CSU,2022,17,2026-09-23T04:17:05Z,
Charlotte,-7.988086492671816,-35.44880013640867,11,1,Georgia State,0.08616819274174603,William & Mary,-0.9959123485629631,0.0,-1.6104799257529734,1173.1580388689613,1907.794427774903,0.0,0.0,0.12510165098950687,3,9,-1.4853782747634665,1262.3394760378453,123,Conference USA,CLT,2022,17,2026-09-23T04:17:05Z,
Akron,-8.634837828641245,-31.06788112448558,11,1,Northern Illinois,0.023879717000675038,Bowling Green,-0.9825536844856245,0.0,-1.7125200448950273,1277.856526141024,1907.794427774903,0.0,0.0,0.1277009150369639,2,10,-1.5848191298580634,1246.42893922271,124,Mid-American,AKR,2022,17,2026-09-23T04:17:05Z,
Louisiana Tech,-7.706175806351441,-29.64227404080968,11,1,Middle Tennessee,0.03697045261533316,Florida International,-0.9922299345142725,0.0,-1.4176497775120482,1261.300973932192,1907.794427774903,0.0,0.0,-0.19283014824092515,3,9,-1.6104799257529734,1242.3232118795243,125,Conference USA,LT,2022,17,2026-09-23T04:17:05Z,
Northern Illinois,-8.270817482992706,-28.999994505145676,11,1,Eastern Michigan,0.05463575189977521,Akron,-0.9834891018477212,0.0,-1.567921874968955,1276.380495366338,1907.794427774903,0.0,0.0,-0.1277009150369639,3,9,-1.6956227900059189,1228.700353599053,126,Mid-American,NIU,2022,17,2026-09-23T04:17:05Z,
South Florida,-8.884805465386904,-27.062765230749317,11,1,Howard,0.004087651437036932,Temple,-0.9519308751447981,0.0,-1.7075089853030028,1356.5118462637554,1907.794427774903,0.0,0.0,0.0,1,11,-1.7075089853030028,1226.7985623515196,127,American Athletic,USF,2022,17,2026-09-23T04:17:05Z,
Hawai'i,-8.576273632062277,-34.32128380410781,12,1,UNLV,0.0244505500120894,Colorado State,-0.9860806036156755,0.0,-1.758203981805445,1184.3210496270037,1907.794427774903,0.0,0.0,0.0,3,10,-1.758203981805445,1218.6873629111287,128,Mountain West,HAW,2022,17,2026-09-23T04:17:05Z,
New Mexico,-8.72910027511629,-33.62131139506729,11,1,UTEP,0.027652327291576517,Colorado State,-0.9860806036156755,0.0,-1.7887612555324182,1152.7176812525645,1907.794427774903,0.0,0.0,0.0,2,10,-1.7887612555324182,1213.798199114813,129,Mountain West,UNM,2022,17,2026-09-23T04:17:05Z,
Nevada,-9.01275299462568,-33.603030830268644,11,1,New Mexico State,0.048315582808031166,Incarnate Word,-0.9959123485629631,0.0,-1.8701037515004664,1178.330134873792,1907.794427774903,0.0,0.0,0.0,2,10,-1.8701037515004664,1200.7833997599255,130,Mountain West,NEV,2022,17,2026-09-23T04:17:05Z,
Massachusetts,-9.895533604113703,-37.88536857088363,11,1,Stony Brook,0.004087651437036932,Arkansas State,-0.9684171396960082,0.0,-2.206684158255337,1119.4618690118568,1907.794427774903,0.0,0.0,0.0,1,11,-2.206684158255337,1146.9305346791461,131,FBS Independents,MASS,2022,17,2026-09-23T04:17:05Z,
