school,quality_z,game_value_z,market_z,talent_prior_z,solver_rating,power_score,power_rating,rank,conference,abbreviation,season,week,as_of
Ohio State,0.0,0.0,0.0,3.84312166907517,1753.400278232689,0.4900647834426628,1578.410365350826,1,Big Ten,OSU,2026,0,2026-08-24T12:48:51Z
Oregon,0.0,0.0,0.0,3.6864740763214643,1743.0762799404158,0.47008949376151854,1575.214319001843,2,Big Ten,ORE,2026,0,2026-08-24T12:48:51Z
Georgia,0.0,0.0,0.0,3.4328631209804272,1726.361825387901,0.4377496907029802,1570.039950512477,3,SEC,UGA,2026,0,2026-08-24T12:48:51Z
Texas,0.0,0.0,0.0,2.963031439219601,1695.397152424295,0.377837988393532,1560.454078142965,4,SEC,TEX,2026,0,2026-08-24T12:48:51Z
Notre Dame,0.0,0.0,0.0,2.8792917703224434,1689.8782154046303,0.36715972571091404,1558.7455561137463,5,FBS Independents,ND,2026,0,2026-08-24T12:48:51Z
Texas A&M,0.0,0.0,0.0,2.250892588556477,1648.4630109615075,0.2870279121891753,1545.924465950268,6,SEC,TA&M,2026,0,2026-08-24T12:48:51Z
Miami,0.0,0.0,0.0,1.777817499436032,1617.2845783642344,0.2267026190902139,1536.2724190544343,7,ACC,MIA,2026,0,2026-08-24T12:48:51Z
Indiana,0.0,0.0,0.0,1.7164788802230502,1613.2420023573316,0.21888087943956275,1535.02094071033,8,Big Ten,IU,2026,0,2026-08-24T12:48:51Z
Oklahoma,0.0,0.0,0.0,1.5631223554006743,1603.1349048109014,0.19932525809888255,1531.8920412958212,9,SEC,OU,2026,0,2026-08-24T12:48:51Z
Ole Miss,0.0,0.0,0.0,1.5456629962094801,1601.984230285328,0.19709888646200974,1531.5358218339215,10,SEC,MISS,2026,0,2026-08-24T12:48:51Z
San Diego State,0.0,0.0,0.0,1.0572607348672607,1569.795646832486,0.13481911260952595,1521.5710580175241,11,Pac-12,SDSU,2026,0,2026-08-24T12:48:51Z
Marshall,0.0,0.0,0.0,1.0130686716269406,1566.883129778091,0.12918385675072208,1520.6694170801156,12,Sun Belt,MRSH,2026,0,2026-08-24T12:48:51Z
Northwestern,0.0,0.0,0.0,1.0076269170903913,1566.524486127367,0.12848993850192933,1520.5583901603086,13,Big Ten,NU,2026,0,2026-08-24T12:48:51Z
Western Michigan,0.0,0.0,0.0,1.0027508993627816,1566.2031278619254,0.12786816152542296,1520.4589058440677,14,Mid-American,WMU,2026,0,2026-08-24T12:48:51Z
Florida,0.0,0.0,0.0,0.9552572531654752,1563.0730170596116,0.12181189647769512,1519.4899034364312,15,SEC,FLA,2026,0,2026-08-24T12:48:51Z
Texas Tech,0.0,0.0,0.0,0.9508480629468419,1562.7824254744664,0.12124964811927352,1519.3999436990837,16,Big 12,TTU,2026,0,2026-08-24T12:48:51Z
South Carolina,0.0,0.0,0.0,0.9298251759596309,1561.3968934944387,0.11856886477545438,1518.9710183640727,17,SEC,SC,2026,0,2026-08-24T12:48:51Z
Washington State,0.0,0.0,0.0,0.8892113419349624,1558.7202028045754,0.11338989531002368,1518.1423832496039,18,Pac-12,WSU,2026,0,2026-08-24T12:48:51Z
Louisiana,0.0,0.0,0.0,0.7780793183759641,1551.39594839842,0.09921863149154264,1515.8749810386469,19,Sun Belt,UL,2026,0,2026-08-24T12:48:51Z
Kansas State,0.0,0.0,0.0,0.7775420819390108,1551.3605413553869,0.09915012451185172,1515.8640199218962,20,Big 12,KSU,2026,0,2026-08-24T12:48:51Z
Southern Miss,0.0,0.0,0.0,0.7283214745223394,1548.1166136449028,0.09287364190432291,1514.8597827046917,21,Sun Belt,USM,2026,0,2026-08-24T12:48:51Z
Texas State,0.0,0.0,0.0,0.686852051705132,1545.3835346181504,0.08758557000279045,1514.0136912004464,22,Pac-12,TXST,2026,0,2026-08-24T12:48:51Z
BYU,0.0,0.0,0.0,0.6776006188534203,1544.7738107450723,0.08640585157922581,1513.824936252676,23,Big 12,BYU,2026,0,2026-08-24T12:48:51Z
USC,0.0,0.0,0.0,0.6643589001399416,1543.9011035493756,0.08471730238081045,1513.5547683809298,24,Big Ten,USC,2026,0,2026-08-24T12:48:51Z
Western Kentucky,0.0,0.0,0.0,0.630847266975557,1541.6924896953194,0.08044398691914666,1512.8710379070635,25,Conference USA,WKU,2026,0,2026-08-24T12:48:51Z
UTSA,0.0,0.0,0.0,0.6211125358418015,1541.050913621063,0.07920263956776695,1512.6724223308427,26,American Athletic,UTSA,2026,0,2026-08-24T12:48:51Z
Arizona,0.0,0.0,0.0,0.5800244592042658,1538.3429675519162,0.07396319592967493,1511.834111348748,27,Big 12,ARIZ,2026,0,2026-08-24T12:48:51Z
Minnesota,0.0,0.0,0.0,0.5485672703786374,1536.269753670959,0.06995185781524663,1511.1922972504394,28,Big Ten,MINN,2026,0,2026-08-24T12:48:51Z
Akron,0.0,0.0,0.0,0.5469235977628062,1536.1614259719463,0.0697422609994576,1511.1587617599132,29,Mid-American,AKR,2026,0,2026-08-24T12:48:51Z
Clemson,0.0,0.0,0.0,0.5459768477839491,1536.099029576361,0.06962153392826013,1511.1394454285216,30,ACC,CLEM,2026,0,2026-08-24T12:48:51Z
Toledo,0.0,0.0,0.0,0.533591269087595,1535.282747046498,0.06804215745665823,1510.8867451930653,31,Mid-American,TOL,2026,0,2026-08-24T12:48:51Z
NC State,0.0,0.0,0.0,0.5051727092488976,1533.4097966992501,0.06441829733139316,1510.306927573023,32,ACC,NCSU,2026,0,2026-08-24T12:48:51Z
LSU,0.0,0.0,0.0,0.490933042783106,1532.4713188733795,0.06260249245615142,1510.0163987929843,33,SEC,LSU,2026,0,2026-08-24T12:48:51Z
Michigan,0.0,0.0,0.0,0.48538399191753684,1532.105603763094,0.06189489206123551,1509.9031827297977,34,Big Ten,MICH,2026,0,2026-08-24T12:48:51Z
Boise State,0.0,0.0,0.0,0.48442244772619486,1532.0422323418366,0.06177227847091065,1509.8835645553456,35,Pac-12,BOIS,2026,0,2026-08-24T12:48:51Z
Baylor,0.0,0.0,0.0,0.47278303817921485,1531.2751267504023,0.06028805152984327,1509.646088244775,36,Big 12,BAY,2026,0,2026-08-24T12:48:51Z
South Alabama,0.0,0.0,0.0,0.4569252115026528,1530.2300026431624,0.05826590311371186,1509.3225444981938,37,Sun Belt,USA,2026,0,2026-08-24T12:48:51Z
Alabama,0.0,0.0,0.0,0.4189963024236389,1527.7302643090075,0.05342930822690557,1508.548689316305,38,SEC,ALA,2026,0,2026-08-24T12:48:51Z
Nebraska,0.0,0.0,0.0,0.3683939232565751,1524.3952697079278,0.04697662571421316,1507.516260114274,39,Big Ten,NEB,2026,0,2026-08-24T12:48:51Z
UAB,0.0,0.0,0.0,0.36735139638039677,1524.3265610511262,0.04684368542457345,1507.4949896679318,40,American Athletic,UAB,2026,0,2026-08-24T12:48:51Z
UCLA,0.0,0.0,0.0,0.3401328197479237,1522.5326966595196,0.04337284400668507,1506.9396550410695,41,Big Ten,UCLA,2026,0,2026-08-24T12:48:51Z
California,0.0,0.0,0.0,0.33339835627808756,1522.0888558820154,0.042514082909292594,1506.8022532654868,42,ACC,CAL,2026,0,2026-08-24T12:48:51Z
Eastern Michigan,0.0,0.0,0.0,0.3025642067710309,1520.056703958972,0.03858219313270617,1506.173150901233,43,Mid-American,EMU,2026,0,2026-08-24T12:48:51Z
Florida State,0.0,0.0,0.0,0.2544703888954352,1516.8870383108238,0.032449395768576285,1505.1919033229722,44,ACC,FSU,2026,0,2026-08-24T12:48:51Z
Florida Atlantic,0.0,0.0,0.0,0.23439907383482594,1515.5642205211166,0.029889954378068868,1504.782392700491,45,American Athletic,FAU,2026,0,2026-08-24T12:48:51Z
Maryland,0.0,0.0,0.0,0.22780216069167092,1515.129445119676,0.029048733337136194,1504.6477973339418,46,Big Ten,MD,2026,0,2026-08-24T12:48:51Z
Air Force,0.0,0.0,0.0,0.22667322335011963,1515.0550415046482,0.02890477421186062,1504.6247638738978,47,Mountain West,AF,2026,0,2026-08-24T12:48:51Z
Utah State,0.0,0.0,0.0,0.20698194201055214,1513.7572701737986,0.026393793723515604,1504.2230069957625,48,Pac-12,USU,2026,0,2026-08-24T12:48:51Z
Ohio,0.0,0.0,0.0,0.19909827039831499,1513.2376898161895,0.02538848862155306,1504.0621581794485,49,Mid-American,OHIO,2026,0,2026-08-24T12:48:51Z
Vanderbilt,0.0,0.0,0.0,0.1757254866800254,1511.6972858115605,0.02240805261726903,1503.585288418763,50,SEC,VAN,2026,0,2026-08-24T12:48:51Z
Hawai'i,0.0,0.0,0.0,0.16963428700787261,1511.2958399041722,0.021631318830186527,1503.4610110128299,51,Mountain West,HAW,2026,0,2026-08-24T12:48:51Z
Delaware,0.0,0.0,0.0,0.15887168723889025,1510.5865212374622,0.020258900369561614,1503.24142405913,52,Conference USA,DEL,2026,0,2026-08-24T12:48:51Z
Louisiana Tech,0.0,0.0,0.0,0.15642934979957385,1510.4255568261399,0.01994745991272577,1503.191593586036,53,Sun Belt,LT,2026,0,2026-08-24T12:48:51Z
Oregon State,0.0,0.0,0.0,0.09810403283782784,1506.5815751720068,0.012509968652408441,1502.0015949843853,54,Pac-12,ORST,2026,0,2026-08-24T12:48:51Z
Rutgers,0.0,0.0,0.0,0.07907217114003921,1505.3272634764821,0.010083075625188214,1501.61329210003,55,Big Ten,RUTG,2026,0,2026-08-24T12:48:51Z
Pittsburgh,0.0,0.0,0.0,0.07334189151492138,1504.9496043243432,0.009352365414750078,1501.49637846636,56,ACC,PITT,2026,0,2026-08-24T12:48:51Z
Sacramento State,0.0,0.0,0.0,-0.0017592059999808375,1500.0,-0.00022432932955232426,1499.9641073072717,57,Mid-American,SAC,2026,0,2026-08-24T12:48:51Z
North Dakota State,0.0,0.0,0.0,-0.0017592059999808375,1500.0,-0.00022432932955232426,1499.9641073072717,57,Mountain West,NDSU,2026,0,2026-08-24T12:48:51Z
Mississippi State,0.0,0.0,0.0,-0.012086769060007831,1499.3193528127642,-0.0015412730514305134,1499.7533963117712,59,SEC,MSST,2026,0,2026-08-24T12:48:51Z
Purdue,0.0,0.0,0.0,-0.026756081624645184,1498.3525587803513,-0.0034118652689732166,1499.4541015569644,60,Big Ten,PUR,2026,0,2026-08-24T12:48:51Z
Jacksonville State,0.0,0.0,0.0,-0.0495745388476782,1496.848688154179,-0.0063216150142089336,1498.9885415977267,61,Conference USA,JXST,2026,0,2026-08-24T12:48:51Z
Wisconsin,0.0,0.0,0.0,-0.05687914358909814,1496.3672717113823,-0.007253079029398351,1498.8395073552963,62,Big Ten,WIS,2026,0,2026-08-24T12:48:51Z
New Mexico,0.0,0.0,0.0,-0.07920757115748471,1494.8956969234594,-0.010100341479860863,1498.3839453632222,63,Mountain West,UNM,2026,0,2026-08-24T12:48:51Z
Auburn,0.0,0.0,0.0,-0.08503283129116941,1494.51177799681,-0.010843163355338553,1498.265093863146,64,SEC,AUB,2026,0,2026-08-24T12:48:51Z
Army,0.0,0.0,0.0,-0.09200090471637809,1494.0525409483646,-0.011731713780794956,1498.122925795073,65,American Athletic,ARMY,2026,0,2026-08-24T12:48:51Z
Virginia Tech,0.0,0.0,0.0,-0.09954003291035257,1493.5556680297861,-0.012693083610810169,1497.9691066222704,66,ACC,VT,2026,0,2026-08-24T12:48:51Z
Fresno State,0.0,0.0,0.0,-0.13576796008817912,1491.1680344138356,-0.017312773752249423,1497.2299561996401,67,Pac-12,FRES,2026,0,2026-08-24T12:48:51Z
TCU,0.0,0.0,0.0,-0.13880919718556048,1490.9675989902978,-0.01770058432080856,1497.1679065086707,68,Big 12,TCU,2026,0,2026-08-24T12:48:51Z
Kent State,0.0,0.0,0.0,-0.18676026211002378,1487.8073416017837,-0.023815178203470396,1496.1895714874447,69,Mid-American,KENT,2026,0,2026-08-24T12:48:51Z
Liberty,0.0,0.0,0.0,-0.19100823949531667,1487.5273748911536,-0.024356869124719283,1496.102900940045,70,Conference USA,LIB,2026,0,2026-08-24T12:48:51Z
Central Michigan,0.0,0.0,0.0,-0.1931646170472885,1487.3852569193884,-0.024631844727633773,1496.0589048435786,71,Mid-American,CMU,2026,0,2026-08-24T12:48:51Z
Washington,0.0,0.0,0.0,-0.22545258594618853,1485.2572897421505,-0.028749121735429015,1495.4001405223314,72,Big Ten,WASH,2026,0,2026-08-24T12:48:51Z
Georgia State,0.0,0.0,0.0,-0.23449103750011568,1484.6616025900712,-0.029901681343175765,1495.2157309850918,73,Sun Belt,GAST,2026,0,2026-08-24T12:48:51Z
Syracuse,0.0,0.0,0.0,-0.24702140645702012,1483.8357775298928,-0.03149952108859287,1494.9600766258252,74,ACC,SYR,2026,0,2026-08-24T12:48:51Z
North Carolina,0.0,0.0,0.0,-0.2587909101066974,1483.0600979714382,-0.03300033728801722,1494.7199460339173,75,ACC,UNC,2026,0,2026-08-24T12:48:51Z
Sam Houston,0.0,0.0,0.0,-0.28775128649742043,1481.1514387246184,-0.036693288437220105,1494.1290738500447,76,Conference USA,SHSU,2026,0,2026-08-24T12:48:51Z
UCF,0.0,0.0,0.0,-0.29332276890475834,1480.7842452437123,-0.03740374924343853,1494.0154001210499,77,Big 12,UCF,2026,0,2026-08-24T12:48:51Z
Kentucky,0.0,0.0,0.0,-0.31376543690006115,1479.4369531100576,-0.04001054458502843,1493.5983128663954,78,SEC,UK,2026,0,2026-08-24T12:48:51Z
Arkansas,0.0,0.0,0.0,-0.32283276941916755,1478.8393625323977,-0.04116678701761522,1493.4133140771817,79,SEC,ARK,2026,0,2026-08-24T12:48:51Z
Arizona State,0.0,0.0,0.0,-0.32641787238994396,1478.6030831469486,-0.041623949934191835,1493.3401680105294,80,Big 12,ASU,2026,0,2026-08-24T12:48:51Z
App State,0.0,0.0,0.0,-0.3347874843083049,1478.051476463225,-0.042691220867942345,1493.1694046611292,81,Sun Belt,APP,2026,0,2026-08-24T12:48:51Z
Illinois,0.0,0.0,0.0,-0.33547425821861204,1478.006214020614,-0.04277879647355926,1493.1553925642306,82,Big Ten,ILL,2026,0,2026-08-24T12:48:51Z
Troy,0.0,0.0,0.0,-0.3431176320084631,1477.5024707037428,-0.043753459428218226,1492.999446491485,83,Sun Belt,TROY,2026,0,2026-08-24T12:48:51Z
Tulane,0.0,0.0,0.0,-0.36191096583549653,1476.2638793987269,-0.04614993600771906,1492.616010238765,84,American Athletic,TULN,2026,0,2026-08-24T12:48:51Z
Tulsa,0.0,0.0,0.0,-0.3636570554100828,1476.14880181937,-0.046372592765147984,1492.5803851575763,85,American Athletic,TLSA,2026,0,2026-08-24T12:48:51Z
UNLV,0.0,0.0,0.0,-0.37441388041350077,1475.4398637436973,-0.0477442748428323,1492.360916025147,86,Mountain West,UNLV,2026,0,2026-08-24T12:48:51Z
South Florida,0.0,0.0,0.0,-0.3748003077036986,1475.4143959110038,-0.04779355103614436,1492.3530318342168,87,American Athletic,USF,2026,0,2026-08-24T12:48:51Z
Colorado State,0.0,0.0,0.0,-0.3826193830338655,1474.8990728285564,-0.04879061898984312,1492.1935009616252,88,Pac-12,CSU,2026,0,2026-08-24T12:48:51Z
Duke,0.0,0.0,0.0,-0.3860705808835381,1474.67161857867,-0.049230706677003064,1492.1230869316796,89,ACC,DUKE,2026,0,2026-08-24T12:48:51Z
Kansas,0.0,0.0,0.0,-0.38634937588204515,1474.6532443474553,-0.04926625788311441,1492.1173987387017,90,Big 12,KU,2026,0,2026-08-24T12:48:51Z
Michigan State,0.0,0.0,0.0,-0.38640911401615624,1474.649307252836,-0.04927387553310764,1492.1161799147028,91,Big Ten,MSU,2026,0,2026-08-24T12:48:51Z
Northern Illinois,0.0,0.0,0.0,-0.4110922712382237,1473.0225419222688,-0.05242140692563434,1491.6125748918985,92,Mountain West,NIU,2026,0,2026-08-24T12:48:51Z
Georgia Tech,0.0,0.0,0.0,-0.42656665692912893,1472.0026888326777,-0.0543946599541669,1491.2968544073333,93,ACC,GT,2026,0,2026-08-24T12:48:51Z
Stanford,0.0,0.0,0.0,-0.44363242230128686,1470.877954456226,-0.05657084154078903,1490.9486653534736,94,ACC,STAN,2026,0,2026-08-24T12:48:51Z
Arkansas State,0.0,0.0,0.0,-0.45127536588825234,1470.374239492257,-0.05754544963710571,1490.7927280580632,95,Sun Belt,ARST,2026,0,2026-08-24T12:48:51Z
Florida International,0.0,0.0,0.0,-0.45623566605490345,1470.0473265180487,-0.0581779740889182,1490.6915241457732,96,Conference USA,FIU,2026,0,2026-08-24T12:48:51Z
Temple,0.0,0.0,0.0,-0.4999806209546377,1467.1642765346985,-0.06375621586620916,1489.7990054614065,97,American Athletic,TEM,2026,0,2026-08-24T12:48:51Z
Navy,0.0,0.0,0.0,-0.5076984030833239,1466.6556292703772,-0.06474036717684473,1489.641541251705,98,American Athletic,NAVY,2026,0,2026-08-24T12:48:51Z
Nevada,0.0,0.0,0.0,-0.5178927328279194,1465.9837629427564,-0.06604032133620147,1489.4335485862077,99,Mountain West,NEV,2026,0,2026-08-24T12:48:51Z
Colorado,0.0,0.0,0.0,-0.5187134664369043,1465.9296717675993,-0.06614497913082396,1489.416803339068,100,Big 12,COLO,2026,0,2026-08-24T12:48:51Z
SMU,0.0,0.0,0.0,-0.5241234504375281,1465.5731219821744,-0.06683484608430294,1489.3064246265114,101,ACC,SMU,2026,0,2026-08-24T12:48:51Z
Virginia,0.0,0.0,0.0,-0.5298466693263438,1465.1959281741129,-0.06756465592818889,1489.1896550514898,102,ACC,UVA,2026,0,2026-08-24T12:48:51Z
Charlotte,0.0,0.0,0.0,-0.5298783394174983,1465.1938409287154,-0.06756869441504923,1489.189008893592,103,American Athletic,CLT,2026,0,2026-08-24T12:48:51Z
Rice,0.0,0.0,0.0,-0.5398209804550917,1464.5385623681684,-0.06883655389140791,1488.9861513773747,104,American Athletic,RICE,2026,0,2026-08-24T12:48:51Z
East Carolina,0.0,0.0,0.0,-0.5584313810125919,1463.3120274422456,-0.07120970330074923,1488.60644747188,105,American Athletic,ECU,2026,0,2026-08-24T12:48:51Z
Wake Forest,0.0,0.0,0.0,-0.5662845815356518,1462.794455308747,-0.07221112280943505,1488.4462203504904,106,ACC,WAKE,2026,0,2026-08-24T12:48:51Z
Middle Tennessee,0.0,0.0,0.0,-0.6083320786224459,1460.023277785445,-0.07757290922383824,1487.588334524186,107,Conference USA,MTSU,2026,0,2026-08-24T12:48:51Z
Boston College,0.0,0.0,0.0,-0.6227083491160547,1459.0757969501753,-0.07940613348599358,1487.295018642241,108,ACC,BC,2026,0,2026-08-24T12:48:51Z
UL Monroe,0.0,0.0,0.0,-0.6547440147789703,1456.964458041088,-0.08349123744766865,1486.641402008373,109,Sun Belt,ULM,2026,0,2026-08-24T12:48:51Z
Missouri State,0.0,0.0,0.0,-0.6567125065864989,1456.8347228456596,-0.083742254353828,1486.6012393033875,110,Conference USA,MOST,2026,0,2026-08-24T12:48:51Z
Memphis,0.0,0.0,0.0,-0.6705009492383753,1455.9259833247472,-0.08550052035320488,1486.3199167434873,111,American Athletic,MEM,2026,0,2026-08-24T12:48:51Z
James Madison,0.0,0.0,0.0,-0.6761728899027925,1455.5521690534651,-0.08622379133256892,1486.204193386789,112,Sun Belt,JMU,2026,0,2026-08-24T12:48:51Z
West Virginia,0.0,0.0,0.0,-0.6831279193577454,1455.0937916794283,-0.08711067842519098,1486.0622914519695,113,Big 12,WVU,2026,0,2026-08-24T12:48:51Z
Cincinnati,0.0,0.0,0.0,-0.6995531483346529,1454.0112724212204,-0.08920518049269938,1485.727171121168,114,Big 12,CIN,2026,0,2026-08-24T12:48:51Z
Utah,0.0,0.0,0.0,-0.7119770908200471,1453.1924614918742,-0.09078944901393879,1485.4736881577699,115,Big 12,UTAH,2026,0,2026-08-24T12:48:51Z
Miami (OH),0.0,0.0,0.0,-0.7122447003997796,1453.174824445587,-0.09082357388482021,1485.4682281784287,116,Mid-American,M-OH,2026,0,2026-08-24T12:48:51Z
Iowa State,0.0,0.0,0.0,-0.7154818820063444,1452.9614751256872,-0.09123637078265236,1485.4021806747755,117,Big 12,ISU,2026,0,2026-08-24T12:48:51Z
Wyoming,0.0,0.0,0.0,-0.752192850440776,1450.5420062480475,-0.09591765707669768,1484.6531748677285,118,Mountain West,WYO,2026,0,2026-08-24T12:48:51Z
North Texas,0.0,0.0,0.0,-0.7603599308312029,1450.0037475839888,-0.0969591017218412,1484.4865437245055,119,American Athletic,UNT,2026,0,2026-08-24T12:48:51Z
Old Dominion,0.0,0.0,0.0,-0.7868126517148716,1448.2603575935766,-0.10033228322573147,1483.946834683883,120,Sun Belt,ODU,2026,0,2026-08-24T12:48:51Z
Coastal Carolina,0.0,0.0,0.0,-0.8170658575651341,1446.2664932765872,-0.10419009259272531,1483.329585185164,121,Sun Belt,CCU,2026,0,2026-08-24T12:48:51Z
UConn,0.0,0.0,0.0,-0.9240575888287829,1439.2151084998675,-0.11783339720985271,1481.1466564464235,122,FBS Independents,CONN,2026,0,2026-08-24T12:48:51Z
New Mexico State,0.0,0.0,0.0,-0.9332684608977777,1438.6080578210858,-0.11900794342891538,1480.9587290513734,123,Conference USA,NMSU,2026,0,2026-08-24T12:48:51Z
Georgia Southern,0.0,0.0,0.0,-0.9567498935846754,1437.0604932099857,-0.1220022340643709,1480.4796425497007,124,Sun Belt,GASO,2026,0,2026-08-24T12:48:51Z
Penn State,0.0,0.0,0.0,-1.0203455789373805,1432.8691632607947,-0.13011178886224467,1479.182113782041,125,Big Ten,PSU,2026,0,2026-08-24T12:48:51Z
Oklahoma State,0.0,0.0,0.0,-1.0253979461119025,1432.536182528919,-0.13075605345713862,1479.079031446858,126,Big 12,OKST,2026,0,2026-08-24T12:48:51Z
Tennessee,0.0,0.0,0.0,-1.054410832518277,1430.6240625630267,-0.13445570054564937,1478.487087912696,127,SEC,TENN,2026,0,2026-08-24T12:48:51Z
San José State,0.0,0.0,0.0,-1.1854663756323014,1421.986730960814,-0.15116755925986763,1475.8131905184212,128,Mountain West,SJSU,2026,0,2026-08-24T12:48:51Z
Buffalo,0.0,0.0,0.0,-1.186710616589645,1421.9047281589005,-0.15132622159944895,1475.7878045440882,129,Mid-American,BUF,2026,0,2026-08-24T12:48:51Z
Houston,0.0,0.0,0.0,-1.2442575472218176,1418.1120467449816,-0.15866445507901303,1474.613687187358,130,Big 12,HOU,2026,0,2026-08-24T12:48:51Z
UTEP,0.0,0.0,0.0,-1.2481273098017602,1417.85700661596,-0.15915791704145213,1474.5347332733677,131,Mountain West,UTEP,2026,0,2026-08-24T12:48:51Z
Ball State,0.0,0.0,0.0,-1.280438571626061,1415.7275042978506,-0.1632781643019287,1473.8754937116914,132,Mid-American,BALL,2026,0,2026-08-24T12:48:51Z
Kennesaw State,0.0,0.0,0.0,-1.294008956145916,1414.8331360911923,-0.16500862410091727,1473.5986201438532,133,Conference USA,KENN,2026,0,2026-08-24T12:48:51Z
Bowling Green,0.0,0.0,0.0,-1.2993500563584852,1414.481126152807,-0.16568970717462808,1473.4896468520594,134,Mid-American,BGSU,2026,0,2026-08-24T12:48:51Z
Iowa,0.0,0.0,0.0,-1.6053815789242465,1394.3118477054945,-0.20471404331252324,1467.2457530699962,135,Big Ten,IOWA,2026,0,2026-08-24T12:48:51Z
Missouri,0.0,0.0,0.0,-2.0494261893687744,1365.0466945082137,-0.261337446002958,1458.1860086395268,136,SEC,MIZ,2026,0,2026-08-24T12:48:51Z
Louisville,0.0,0.0,0.0,-2.140329431855435,1359.055635828685,-0.27292918877861194,1456.331329795422,137,ACC,LOU,2026,0,2026-08-24T12:48:51Z
Massachusetts,0.0,0.0,0.0,-2.7247151219083383,1320.5411795253506,-0.34744851741378496,1444.4082372137943,138,Mid-American,MASS,2026,0,2026-08-24T12:48:51Z
